Member ID,Name,Age,Gender,Email,Plan,Assigned Date,Modified Date
1,greshma,15,MALE,gresh@gmail.com,BASIC,2025-07-21,2025-07-21
6,ram,34,MALE,ram@gmail.com,BASIC,2025-07-21,2025-07-21
7,rehman,34,MALE,gf@ga.com,BASIC,2025-07-21,2025-07-21
8,Arjun,28,MALE,arjun@gmail.com,BASIC,2024-05-01,2024-06-01
9,Diya,25,FEMALE,diya@gmail.com,PREMIUM,2024-06-10,2024-07-05
10,Raj,31,MALE,raj@example.com,BASIC,2024-05-15,2024-06-20
11,Meena,27,FEMALE,meena123@mail.com,PREMIUM,2024-06-01,2024-07-01
12,Karthik,22,MALE,karthik.k@gmail.com,BASIC,2024-05-20,2024-06-25
13,Neha,30,FEMALE,neha@domain.com,PREMIUM,2024-06-05,2024-07-10
