name,email,phoneNumber,gender,address
Morty,msketh0@yolasite.com,7050042163,M,32480 Maywood Drive
Tommie,tdjorevic1@fc2.com,6560370999,M,2 Nova Place
Olympia,oskellion2@nsw.gov.au,7204242472,F,219 Lighthouse Bay Hill
Brandie,bjelkes3@globo.com,8459115809,F,6 Blue Bill Park Road
Robina,rdorant4@cnbc.com,7943883824,F,1 Hanson Trail
Gipsy,gwoollons5@cnn.com,9422921874,F,93758 Debs Pass
Wheeler,wgask6@boston.com,8100251817,M,0404 Warrior Junction
Tate,tlanahan7@youku.com,6308284615,M,8 Oakridge Terrace
Faulkner,flufkin8@dyndns.org,9147794963,M,2 Washington Street
Cari,ckitlee9@free.fr,7370082404,F,81713 Glacier Hill Alley
