Project ID,Task Category Percentage
P203
Bug Fixing  13.50%    Documentation  36.36%    Development  30.44%    Testing  19.70%    
P202
Bug Fixing  20.04%    Documentation  27.45%    Development  13.51%    Testing  39.00%    
P205
Bug Fixing  31.11%    Documentation  9.68%    Development  8.99%    Testing  50.23%    
P204
Bug Fixing  26.02%    Documentation  21.04%    Development  9.28%    Testing  43.67%    
P201
Bug Fixing  42.89%    Documentation  12.44%    Development  13.96%    Testing  30.71%    
P200
Bug Fixing  60.65%    Documentation  0.00%    Development  18.06%    Testing  21.30%    
P207
Bug Fixing  47.62%    Documentation  13.03%    Development  0.00%    Testing  39.35%    
P206
Bug Fixing  36.63%    Documentation  17.54%    Development  26.01%    Testing  19.81%    
P209
Bug Fixing  17.97%    Documentation  0.00%    Development  82.03%    Testing  0.00%    
P208
Bug Fixing  21.52%    Documentation  25.78%    Development  40.81%    Testing  11.88%    
